first_name,middle_name,last_name,relationship,occupation,contact_number,client_profile_id
Ryan,Campbell,Naomi,Male,Cook,109332977,1
Wilson,Evans,Xavier,Male,Firefighter,140903550,2
Melanie,Carroll,Blaise,Female,Accountant,894101322,3
Adrian,Alexander,Arthur,Male,Meteorologist,470290269,4
Sawyer,Mason,Lydon,Male,Medic,214876066,5
Brianna,Moore,Sheridan,Female,Singer,434205744,6
Kellan,Higgins,Amity,Male,Agronomist,190309914,7
Frederick,Ross,Allison,Male,Interior Designer,729541752,8
Brad,Hawkins,Jae,Male,Mechanic,396120421,9
Camila,Baker,Rylie,Female,Agronomist,75604062,10
John,Bailey,Glenn,Male,Producer,32748778,11
Ryan,Riley,Selene,Male,Interior Designer,494323152,12
Lydia,Hawkins,Naomi,Female,Chemist,195227305,13
Frederick,Walker,Xavier,Male,Meteorologist,311293274,14
Natalie,Gibson,Blaise,Female,Interior Designer,50367394,15
Ned,Lloyd,Arthur,Male,Journalist,827647187,16
Garry,Stewart,Lydon,Male,Graphic Designer,171241961,17
Tyler,Murphy,Sheridan,Male,Police Officer,29781762,18
Alexia,Jones,Amity,Female,Architect,430997865,19
Steven,Spencer,Allison,Male,Salesman,529947582,20
Fenton,Casey,Jae,Male,Chemist,486379319,21
Alberta,Allen,Rylie,Female,Physicist,961464327,22
Miranda,Cole,Glenn,Female,Mathematician,787014836,23
Haris,Murphy,Selene,Male,Dancer,188248547,24
Mike,Grant,Susannah,Male,Mechanic,218755620,25
Stuart,Watson,Randall,Male,Aeroplane Pilot,398705053,26
Stuart,Dixon,Monteen,Male,Mathematician,208997225,27
Marcus,Craig,Louisa,Male,Engineer,229137770,28
Carl,Dixon,Caprice,Male,Aeroplane Pilot,773899217,29
Sofia,Rogers,Love,Female,Historian,800368549,30
Fiona,Hill,Trevor,Female,Interior Designer,771527643,31
Honey,Adams,Porter,Female,Driver,187240611,32
Albert,Johnson,Reagan,Male,Archeologist,917665385,33
Bruce,Walker,Tobias,Male,Singer,345378891,34
Luke,Mitchell,Emeline,Male,Jeweller,495844320,35
Agata,Robinson,Suzan,Female,Florist,528098061,36
Arthur,Carroll,Syllable,Male,Archeologist,720871562,37
Jacob,Baker,Seth,Male,Architect,828248486,38
Annabella,Edwards,Lee,Female,Aeroplane Pilot,363069167,39
Hailey,Edwards,Jude,Female,Lecturer,631716455,40
Sydney,Ross,Coralie,Female,Aeroplane Pilot,256077426,41
Frederick,Lloyd,Claude,Male,Journalist,650956316,42
Belinda,Morris,Imogen,Female,Firefighter,625206353,43
Sienna,Holmes,Adelaide,Female,Botanist,78997226,44
Brianna,Carroll,Denise,Female,Florist,882821029,45
Kelvin,Hall,Lawrence,Male,Baker,90162767,46
Lily,Miller,Jack,Female,Agronomist,565496600,47
Melanie,Riley,Taylore,Female,Chemist,116330868,48
Jessica,Holmes,Coralie,Female,Hairdresser,383266115,49
Evelyn,Robinson,Claude,Female,Physicist,829273356,50