content,date_sent,sender_user_id,receiver_user_id
Lorem ipsum dolor sit amet,2022-12-29,2,110
Lorem ipsum dolor sit amet,2022-12-30,3,110
Lorem ipsum dolor sit amet,2022-12-31,6,110
Lorem ipsum dolor sit amet,2023-01-01,7,110
Lorem ipsum dolor sit amet,2023-01-02,9,110
Lorem ipsum dolor sit amet,2023-01-03,10,110
Lorem ipsum dolor sit amet,2023-01-04,12,110
Lorem ipsum dolor sit amet,2023-01-05,13,110
Lorem ipsum dolor sit amet,2023-01-06,15,110
Lorem ipsum dolor sit amet,2023-01-07,16,110
Lorem ipsum dolor sit amet,2023-01-08,18,110
Lorem ipsum dolor sit amet,2023-01-09,19,110
Lorem ipsum dolor sit amet,2023-01-10,21,110
Lorem ipsum dolor sit amet,2023-01-11,22,110
Lorem ipsum dolor sit amet,2023-01-12,24,110
Lorem ipsum dolor sit amet,2023-01-13,25,110
Lorem ipsum dolor sit amet,2023-01-14,27,110
Lorem ipsum dolor sit amet,2023-01-15,28,110
Lorem ipsum dolor sit amet,2023-01-16,30,110
Lorem ipsum dolor sit amet,2023-01-17,31,110
Lorem ipsum dolor sit amet,2023-01-18,33,110
Lorem ipsum dolor sit amet,2023-01-19,34,110
Lorem ipsum dolor sit amet,2023-01-20,36,110
Lorem ipsum dolor sit amet,2023-01-21,37,110
Lorem ipsum dolor sit amet,2023-01-22,39,110
Lorem ipsum dolor sit amet,2023-01-23,40,111
Lorem ipsum dolor sit amet,2023-01-24,42,111
Lorem ipsum dolor sit amet,2023-01-25,43,111
Lorem ipsum dolor sit amet,2023-01-26,45,111
Lorem ipsum dolor sit amet,2023-01-27,46,111
Lorem ipsum dolor sit amet,2023-01-28,48,111
Lorem ipsum dolor sit amet,2023-01-29,49,111
Lorem ipsum dolor sit amet,2023-01-30,51,111
Lorem ipsum dolor sit amet,2023-01-31,52,111
Lorem ipsum dolor sit amet,2023-02-01,54,111
Lorem ipsum dolor sit amet,2023-02-02,55,111
Lorem ipsum dolor sit amet,2023-02-03,57,111
Lorem ipsum dolor sit amet,2023-02-04,58,111
Lorem ipsum dolor sit amet,2023-02-05,60,111
Lorem ipsum dolor sit amet,2023-02-06,61,111
Lorem ipsum dolor sit amet,2023-02-07,63,111
Lorem ipsum dolor sit amet,2023-02-08,64,111
Lorem ipsum dolor sit amet,2023-02-09,66,111
Lorem ipsum dolor sit amet,2023-02-10,67,111
Lorem ipsum dolor sit amet,2023-02-11,69,111
Lorem ipsum dolor sit amet,2023-02-12,70,111
Lorem ipsum dolor sit amet,2023-02-13,72,111
Lorem ipsum dolor sit amet,2023-02-14,73,111
Lorem ipsum dolor sit amet,2023-02-15,75,111
Lorem ipsum dolor sit amet,2023-02-16,76,111