date_time,assignee_employee_id,assignee_contact_number,case_note,remarks,attachment,client_profile_id
2022-01-02 13:00:00,101,109332977,lorem ipsum ,lorem ipsum ,file,1
2022-01-03 13:00:00,102,140903550,lorem ipsum ,lorem ipsum ,file,2
2022-01-04 13:00:00,103,894101322,lorem ipsum ,lorem ipsum ,file,3
2022-01-05 13:00:00,104,470290269,lorem ipsum ,lorem ipsum ,file,4
2022-01-06 13:00:00,105,214876066,lorem ipsum ,lorem ipsum ,file,5
2022-01-07 13:00:00,106,434205744,lorem ipsum ,lorem ipsum ,file,6
2022-01-08 13:00:00,107,190309914,lorem ipsum ,lorem ipsum ,file,7
2022-01-09 13:00:00,108,729541752,lorem ipsum ,lorem ipsum ,file,8
2022-01-10 13:00:00,109,396120421,lorem ipsum ,lorem ipsum ,file,9
2022-01-11 13:00:00,110,075604062,lorem ipsum ,lorem ipsum ,file,10
2022-01-12 13:00:00,101,032748778,lorem ipsum ,lorem ipsum ,file,11
2022-01-13 13:00:00,102,494323152,lorem ipsum ,lorem ipsum ,file,12
2022-01-14 13:00:00,103,195227305,lorem ipsum ,lorem ipsum ,file,13
2022-01-15 13:00:00,104,311293274,lorem ipsum ,lorem ipsum ,file,14
2022-01-16 13:00:00,105,050367394,lorem ipsum ,lorem ipsum ,file,15
2022-01-17 13:00:00,106,827647187,lorem ipsum ,lorem ipsum ,file,16
2022-01-18 13:00:00,107,171241961,lorem ipsum ,lorem ipsum ,file,17
2022-01-19 13:00:00,108,029781762,lorem ipsum ,lorem ipsum ,file,18
2022-01-20 13:00:00,109,430997865,lorem ipsum ,lorem ipsum ,file,19
2022-01-21 13:00:00,110,529947582,lorem ipsum ,lorem ipsum ,file,20
2022-01-22 13:00:00,101,486379319,lorem ipsum ,lorem ipsum ,file,21
2022-01-23 13:00:00,102,961464327,lorem ipsum ,lorem ipsum ,file,22
2022-01-24 13:00:00,103,787014836,lorem ipsum ,lorem ipsum ,file,23
2022-01-25 13:00:00,104,188248547,lorem ipsum ,lorem ipsum ,file,24
2022-01-26 13:00:00,105,218755620,lorem ipsum ,lorem ipsum ,file,25
2022-01-27 13:00:00,106,398705053,lorem ipsum ,lorem ipsum ,file,26
2022-01-28 13:00:00,107,208997225,lorem ipsum ,lorem ipsum ,file,27
2022-01-29 13:00:00,108,229137770,lorem ipsum ,lorem ipsum ,file,28
2022-01-30 13:00:00,109,773899217,lorem ipsum ,lorem ipsum ,file,29
2022-01-31 13:00:00,110,800368549,lorem ipsum ,lorem ipsum ,file,30
2022-02-01 13:00:00,101,771527643,lorem ipsum ,lorem ipsum ,file,31
2022-02-02 13:00:00,102,187240611,lorem ipsum ,lorem ipsum ,file,32
2022-02-03 13:00:00,103,917665385,lorem ipsum ,lorem ipsum ,file,33
2022-02-04 13:00:00,104,345378891,lorem ipsum ,lorem ipsum ,file,34
2022-02-05 13:00:00,105,495844320,lorem ipsum ,lorem ipsum ,file,35
2022-02-06 13:00:00,106,528098061,lorem ipsum ,lorem ipsum ,file,36
2022-02-07 13:00:00,107,720871562,lorem ipsum ,lorem ipsum ,file,37
2022-02-08 13:00:00,108,828248486,lorem ipsum ,lorem ipsum ,file,38
2022-02-09 13:00:00,109,363069167,lorem ipsum ,lorem ipsum ,file,39
2022-02-10 13:00:00,110,631716455,lorem ipsum ,lorem ipsum ,file,40
2022-02-11 13:00:00,101,256077426,lorem ipsum ,lorem ipsum ,file,41
2022-02-12 13:00:00,102,650956316,lorem ipsum ,lorem ipsum ,file,42
2022-02-13 13:00:00,103,625206353,lorem ipsum ,lorem ipsum ,file,43
2022-02-14 13:00:00,104,078997226,lorem ipsum ,lorem ipsum ,file,44
2022-02-15 13:00:00,105,882821029,lorem ipsum ,lorem ipsum ,file,45
2022-02-16 13:00:00,106,090162767,lorem ipsum ,lorem ipsum ,file,46
2022-02-17 13:00:00,107,565496600,lorem ipsum ,lorem ipsum ,file,47
2022-02-18 13:00:00,108,116330868,lorem ipsum ,lorem ipsum ,file,48
2022-02-19 13:00:00,109,383266115,lorem ipsum ,lorem ipsum ,file,49
2022-02-20 13:00:00,110,829273356,lorem ipsum ,lorem ipsum ,file,50